-- MySQL dump 10.13  Distrib 5.5.24, for debian-linux-gnu (i686)
--
-- Host: localhost    Database: java20tmp
-- ------------------------------------------------------
-- Server version	5.5.24-0ubuntu0.12.04.1

/*!40101 SET @OLD_CHARACTER_SET_CLIENT=@@CHARACTER_SET_CLIENT */;
/*!40101 SET @OLD_CHARACTER_SET_RESULTS=@@CHARACTER_SET_RESULTS */;
/*!40101 SET @OLD_COLLATION_CONNECTION=@@COLLATION_CONNECTION */;
/*!40101 SET NAMES utf8 */;
/*!40103 SET @OLD_TIME_ZONE=@@TIME_ZONE */;
/*!40103 SET TIME_ZONE='+00:00' */;
/*!40014 SET @OLD_UNIQUE_CHECKS=@@UNIQUE_CHECKS, UNIQUE_CHECKS=0 */;
/*!40014 SET @OLD_FOREIGN_KEY_CHECKS=@@FOREIGN_KEY_CHECKS, FOREIGN_KEY_CHECKS=0 */;
/*!40101 SET @OLD_SQL_MODE=@@SQL_MODE, SQL_MODE='NO_AUTO_VALUE_ON_ZERO' */;
/*!40111 SET @OLD_SQL_NOTES=@@SQL_NOTES, SQL_NOTES=0 */;

--
-- Table structure for table `ADD_SERVICE`
--

DROP TABLE IF EXISTS `ADD_SERVICE`;
/*!40101 SET @saved_cs_client     = @@character_set_client */;
/*!40101 SET character_set_client = utf8 */;
CREATE TABLE `ADD_SERVICE` (
  `ADD_SERVICE_ID` bigint(20) NOT NULL AUTO_INCREMENT,
  `DESCRIPTION` varchar(255) DEFAULT NULL,
  `NAME` varchar(255) DEFAULT NULL,
  `PRICE` double DEFAULT NULL,
  PRIMARY KEY (`ADD_SERVICE_ID`)
) ENGINE=InnoDB AUTO_INCREMENT=5 DEFAULT CHARSET=utf8;
/*!40101 SET character_set_client = @saved_cs_client */;

--
-- Dumping data for table `ADD_SERVICE`
--

LOCK TABLES `ADD_SERVICE` WRITE;
/*!40000 ALTER TABLE `ADD_SERVICE` DISABLE KEYS */;
INSERT INTO `ADD_SERVICE` VALUES (1,'','[bar] Tequila',10),(2,'','[bathroom] Towel',0.25),(3,'','[tech] Replace light bulb',0.25),(4,'','[tech] Fix TV',25);
/*!40000 ALTER TABLE `ADD_SERVICE` ENABLE KEYS */;
UNLOCK TABLES;

--
-- Table structure for table `ADD_SERVICE_HISTORY`
--

DROP TABLE IF EXISTS `ADD_SERVICE_HISTORY`;
/*!40101 SET @saved_cs_client     = @@character_set_client */;
/*!40101 SET character_set_client = utf8 */;
CREATE TABLE `ADD_SERVICE_HISTORY` (
  `ADD_SERVICE_HISTORY_ID` bigint(20) NOT NULL AUTO_INCREMENT,
  `AMOUNT` int(11) DEFAULT NULL,
  `CLIENT_PAID` bit(1) DEFAULT NULL,
  `OPERATION_DATE` datetime DEFAULT NULL,
  `ADD_SERVICE_ID` bigint(20) DEFAULT NULL,
  `ORDER_ID` bigint(20) DEFAULT NULL,
  `USER_ID` bigint(20) DEFAULT NULL,
  PRIMARY KEY (`ADD_SERVICE_HISTORY_ID`),
  KEY `FKD950350C459ABABF` (`USER_ID`),
  KEY `FKD950350C54BFA6CB` (`ORDER_ID`),
  KEY `FKD950350C59A2113C` (`ADD_SERVICE_ID`),
  CONSTRAINT `FKD950350C59A2113C` FOREIGN KEY (`ADD_SERVICE_ID`) REFERENCES `ADD_SERVICE` (`ADD_SERVICE_ID`),
  CONSTRAINT `FKD950350C459ABABF` FOREIGN KEY (`USER_ID`) REFERENCES `USERS` (`USER_ID`),
  CONSTRAINT `FKD950350C54BFA6CB` FOREIGN KEY (`ORDER_ID`) REFERENCES `ORDERS` (`ORDER_ID`)
) ENGINE=InnoDB AUTO_INCREMENT=3 DEFAULT CHARSET=utf8;
/*!40101 SET character_set_client = @saved_cs_client */;

--
-- Dumping data for table `ADD_SERVICE_HISTORY`
--

LOCK TABLES `ADD_SERVICE_HISTORY` WRITE;
/*!40000 ALTER TABLE `ADD_SERVICE_HISTORY` DISABLE KEYS */;
INSERT INTO `ADD_SERVICE_HISTORY` VALUES (1,1,NULL,'2012-12-12 00:00:00',3,1,2),(2,5,NULL,'2012-08-12 20:25:39',3,1,1);
/*!40000 ALTER TABLE `ADD_SERVICE_HISTORY` ENABLE KEYS */;
UNLOCK TABLES;

--
-- Table structure for table `ORDERS`
--

DROP TABLE IF EXISTS `ORDERS`;
/*!40101 SET @saved_cs_client     = @@character_set_client */;
/*!40101 SET character_set_client = utf8 */;
CREATE TABLE `ORDERS` (
  `ORDER_ID` bigint(20) NOT NULL AUTO_INCREMENT,
  `DATE_IN` datetime DEFAULT NULL,
  `DATE_OUT` datetime DEFAULT NULL,
  `NUMBER` int(11) DEFAULT NULL,
  `ROOM_TYPE_ID` bigint(20) DEFAULT NULL,
  `USER_ID` bigint(20) DEFAULT NULL,
  PRIMARY KEY (`ORDER_ID`),
  KEY `FK8B7256E5459ABABF` (`USER_ID`),
  KEY `FK8B7256E5B3F681F6` (`ROOM_TYPE_ID`),
  CONSTRAINT `FK8B7256E5B3F681F6` FOREIGN KEY (`ROOM_TYPE_ID`) REFERENCES `ROOM_TYPE` (`ROOM_TYPE_ID`),
  CONSTRAINT `FK8B7256E5459ABABF` FOREIGN KEY (`USER_ID`) REFERENCES `USERS` (`USER_ID`)
) ENGINE=InnoDB AUTO_INCREMENT=2 DEFAULT CHARSET=utf8;
/*!40101 SET character_set_client = @saved_cs_client */;

--
-- Dumping data for table `ORDERS`
--

LOCK TABLES `ORDERS` WRITE;
/*!40000 ALTER TABLE `ORDERS` DISABLE KEYS */;
INSERT INTO `ORDERS` VALUES (1,'2012-12-12 00:00:00','2013-12-12 00:00:00',101,2,1);
/*!40000 ALTER TABLE `ORDERS` ENABLE KEYS */;
UNLOCK TABLES;

--
-- Table structure for table `PERSON`
--

DROP TABLE IF EXISTS `PERSON`;
/*!40101 SET @saved_cs_client     = @@character_set_client */;
/*!40101 SET character_set_client = utf8 */;
CREATE TABLE `PERSON` (
  `PERSON_ID` int(11) NOT NULL AUTO_INCREMENT,
  `EMAIL` varchar(255) DEFAULT NULL,
  `F_NAME` varchar(255) DEFAULT NULL,
  `L_NAME` varchar(255) DEFAULT NULL,
  `PHONE` varchar(255) DEFAULT NULL,
  PRIMARY KEY (`PERSON_ID`)
) ENGINE=InnoDB AUTO_INCREMENT=3 DEFAULT CHARSET=utf8;
/*!40101 SET character_set_client = @saved_cs_client */;

--
-- Dumping data for table `PERSON`
--

LOCK TABLES `PERSON` WRITE;
/*!40000 ALTER TABLE `PERSON` DISABLE KEYS */;
INSERT INTO `PERSON` VALUES (1,'c','c','c',NULL),(2,'t','t','t',NULL);
/*!40000 ALTER TABLE `PERSON` ENABLE KEYS */;
UNLOCK TABLES;

--
-- Table structure for table `ROLES`
--

DROP TABLE IF EXISTS `ROLES`;
/*!40101 SET @saved_cs_client     = @@character_set_client */;
/*!40101 SET character_set_client = utf8 */;
CREATE TABLE `ROLES` (
  `ROLE_ID` bigint(20) NOT NULL AUTO_INCREMENT,
  `DESCRIPTION` varchar(255) DEFAULT NULL,
  `NAME` varchar(255) DEFAULT NULL,
  PRIMARY KEY (`ROLE_ID`)
) ENGINE=InnoDB AUTO_INCREMENT=6 DEFAULT CHARSET=utf8;
/*!40101 SET character_set_client = @saved_cs_client */;

--
-- Dumping data for table `ROLES`
--

LOCK TABLES `ROLES` WRITE;
/*!40000 ALTER TABLE `ROLES` DISABLE KEYS */;
INSERT INTO `ROLES` VALUES (1,NULL,'ROLE_USER'),(2,NULL,'ROLE_ADMIN'),(3,NULL,'ROLE_CLEANER'),(4,NULL,'ROLE_TECHNICIST'),(5,NULL,'ROLE_MANAGER');
/*!40000 ALTER TABLE `ROLES` ENABLE KEYS */;
UNLOCK TABLES;

--
-- Table structure for table `ROOM`
--

DROP TABLE IF EXISTS `ROOM`;
/*!40101 SET @saved_cs_client     = @@character_set_client */;
/*!40101 SET character_set_client = utf8 */;
CREATE TABLE `ROOM` (
  `ROOM_ID` bigint(20) NOT NULL AUTO_INCREMENT,
  `NUMBER` int(11) DEFAULT NULL,
  `ROOM_TYPE_ID` bigint(20) DEFAULT NULL,
  PRIMARY KEY (`ROOM_ID`),
  KEY `FK2678DBB3F681F6` (`ROOM_TYPE_ID`),
  CONSTRAINT `FK2678DBB3F681F6` FOREIGN KEY (`ROOM_TYPE_ID`) REFERENCES `ROOM_TYPE` (`ROOM_TYPE_ID`)
) ENGINE=InnoDB AUTO_INCREMENT=5 DEFAULT CHARSET=utf8;
/*!40101 SET character_set_client = @saved_cs_client */;

--
-- Dumping data for table `ROOM`
--

LOCK TABLES `ROOM` WRITE;
/*!40000 ALTER TABLE `ROOM` DISABLE KEYS */;
INSERT INTO `ROOM` VALUES (1,101,2),(2,102,2),(3,103,2),(4,201,1);
/*!40000 ALTER TABLE `ROOM` ENABLE KEYS */;
UNLOCK TABLES;

--
-- Table structure for table `ROOM_TYPE`
--

DROP TABLE IF EXISTS `ROOM_TYPE`;
/*!40101 SET @saved_cs_client     = @@character_set_client */;
/*!40101 SET character_set_client = utf8 */;
CREATE TABLE `ROOM_TYPE` (
  `ROOM_TYPE_ID` bigint(20) NOT NULL AUTO_INCREMENT,
  `ROOMS_VIEW` varchar(255) DEFAULT NULL,
  `NAME` varchar(255) DEFAULT NULL,
  `NUMBER_OF_PLACES` int(11) DEFAULT NULL,
  `NUMBER_OF_ROOMS` int(11) DEFAULT NULL,
  `PRICE` double DEFAULT NULL,
  PRIMARY KEY (`ROOM_TYPE_ID`)
) ENGINE=InnoDB AUTO_INCREMENT=3 DEFAULT CHARSET=utf8;
/*!40101 SET character_set_client = @saved_cs_client */;

--
-- Dumping data for table `ROOM_TYPE`
--

LOCK TABLES `ROOM_TYPE` WRITE;
/*!40000 ALTER TABLE `ROOM_TYPE` DISABLE KEYS */;
INSERT INTO `ROOM_TYPE` VALUES (1,'sea','lux',4,4,100),(2,'street','standart',4,1,20);
/*!40000 ALTER TABLE `ROOM_TYPE` ENABLE KEYS */;
UNLOCK TABLES;

--
-- Table structure for table `USERS`
--

DROP TABLE IF EXISTS `USERS`;
/*!40101 SET @saved_cs_client     = @@character_set_client */;
/*!40101 SET character_set_client = utf8 */;
CREATE TABLE `USERS` (
  `USER_ID` bigint(20) NOT NULL AUTO_INCREMENT,
  `ENABLED` bit(1) NOT NULL,
  `PASSWORD` varchar(255) NOT NULL,
  `USERNAME` varchar(255) NOT NULL,
  `PERSON_ID` int(11) NOT NULL,
  `ROLE_ID` bigint(20) DEFAULT NULL,
  PRIMARY KEY (`USER_ID`),
  UNIQUE KEY `PERSON_ID` (`PERSON_ID`),
  KEY `FK4D495E8A06FF6DF` (`ROLE_ID`),
  KEY `FK4D495E85F32713F` (`PERSON_ID`),
  CONSTRAINT `FK4D495E85F32713F` FOREIGN KEY (`PERSON_ID`) REFERENCES `PERSON` (`PERSON_ID`),
  CONSTRAINT `FK4D495E8A06FF6DF` FOREIGN KEY (`ROLE_ID`) REFERENCES `ROLES` (`ROLE_ID`)
) ENGINE=InnoDB AUTO_INCREMENT=3 DEFAULT CHARSET=utf8;
/*!40101 SET character_set_client = @saved_cs_client */;

--
-- Dumping data for table `USERS`
--

LOCK TABLES `USERS` WRITE;
/*!40000 ALTER TABLE `USERS` DISABLE KEYS */;
INSERT INTO `USERS` VALUES (1,'','c','c',1,3),(2,'','t','t',2,4);
/*!40000 ALTER TABLE `USERS` ENABLE KEYS */;
UNLOCK TABLES;
/*!40103 SET TIME_ZONE=@OLD_TIME_ZONE */;

/*!40101 SET SQL_MODE=@OLD_SQL_MODE */;
/*!40014 SET FOREIGN_KEY_CHECKS=@OLD_FOREIGN_KEY_CHECKS */;
/*!40014 SET UNIQUE_CHECKS=@OLD_UNIQUE_CHECKS */;
/*!40101 SET CHARACTER_SET_CLIENT=@OLD_CHARACTER_SET_CLIENT */;
/*!40101 SET CHARACTER_SET_RESULTS=@OLD_CHARACTER_SET_RESULTS */;
/*!40101 SET COLLATION_CONNECTION=@OLD_COLLATION_CONNECTION */;
/*!40111 SET SQL_NOTES=@OLD_SQL_NOTES */;

-- Dump completed on 2012-08-12 23:34:42
